ID_usuario,Hora,Origen,Destino,Transporte,Demora,Clima
1000,22,Estacion_A,Estacion_C,Metro,7,Nublado
1001,7,Estacion_A,Estacion_D,Metro,4,Nublado
1002,14,Estacion_A,Estacion_A,Metro,8,Lluvia
1003,5,Estacion_A,Estacion_C,Metro,4,Lluvia
1004,5,Estacion_B,Estacion_A,Metro,5,Nublado
1005,10,Estacion_D,Estacion_A,Autobus,0,Nublado
1006,19,Estacion_B,Estacion_C,Autobus,1,Nieve
1007,5,Estacion_B,Estacion_C,Autobus,5,Nieve
1008,19,Estacion_A,Estacion_A,Tren,7,Soleado
1009,6,Estacion_B,Estacion_C,Tren,7,Lluvia
1010,19,Estacion_C,Estacion_C,Tren,0,Nublado
1011,16,Estacion_A,Estacion_A,Tren,3,Lluvia
1012,10,Estacion_B,Estacion_D,Metro,3,Nublado
1013,19,Estacion_A,Estacion_C,Metro,6,Nieve
1014,23,Estacion_D,Estacion_B,Tren,5,Soleado
1015,22,Estacion_C,Estacion_D,Metro,5,Lluvia
1016,5,Estacion_D,Estacion_B,Autobus,8,Soleado
1017,6,Estacion_A,Estacion_B,Tren,8,Lluvia
1018,22,Estacion_A,Estacion_A,Autobus,2,Soleado
1019,21,Estacion_D,Estacion_C,Tren,2,Nieve
1020,12,Estacion_C,Estacion_A,Autobus,7,Nublado
1021,8,Estacion_C,Estacion_B,Autobus,5,Soleado
1022,17,Estacion_A,Estacion_C,Metro,6,Lluvia
1023,7,Estacion_B,Estacion_C,Tren,0,Nublado
1024,5,Estacion_A,Estacion_B,Autobus,6,Nublado
1025,23,Estacion_D,Estacion_C,Tren,8,Lluvia
1026,9,Estacion_C,Estacion_B,Metro,7,Nieve
1027,6,Estacion_D,Estacion_B,Autobus,9,Soleado
1028,21,Estacion_A,Estacion_B,Autobus,5,Nieve
1029,7,Estacion_D,Estacion_A,Tren,2,Nublado
1030,10,Estacion_B,Estacion_C,Autobus,4,Nieve
1031,14,Estacion_B,Estacion_A,Tren,8,Lluvia
1032,13,Estacion_B,Estacion_D,Metro,8,Lluvia
1033,20,Estacion_B,Estacion_D,Metro,3,Soleado
1034,22,Estacion_A,Estacion_C,Tren,3,Lluvia
1035,12,Estacion_B,Estacion_D,Autobus,7,Nieve
1036,15,Estacion_A,Estacion_D,Tren,4,Nieve
1037,9,Estacion_D,Estacion_A,Autobus,6,Nublado
1038,19,Estacion_D,Estacion_B,Metro,0,Lluvia
1039,5,Estacion_A,Estacion_A,Autobus,2,Lluvia
1040,11,Estacion_D,Estacion_A,Tren,6,Lluvia
1041,15,Estacion_B,Estacion_C,Autobus,6,Nieve
1042,21,Estacion_D,Estacion_B,Tren,5,Soleado
1043,16,Estacion_D,Estacion_C,Tren,5,Soleado
1044,12,Estacion_C,Estacion_A,Autobus,3,Lluvia
1045,13,Estacion_A,Estacion_A,Autobus,8,Lluvia
1046,11,Estacion_B,Estacion_D,Tren,4,Soleado
1047,13,Estacion_B,Estacion_B,Metro,4,Lluvia
1048,5,Estacion_A,Estacion_D,Metro,6,Soleado
1049,14,Estacion_B,Estacion_D,Metro,-1,Lluvia
1050,7,Estacion_D,Estacion_B,Autobus,9,Lluvia
1051,19,Estacion_D,Estacion_C,Autobus,2,Soleado
1052,15,Estacion_D,Estacion_A,Metro,3,Nublado
1053,10,Estacion_A,Estacion_A,Autobus,6,Nublado
1054,20,Estacion_D,Estacion_D,Autobus,3,Soleado
1055,11,Estacion_C,Estacion_C,Tren,5,Lluvia
1056,23,Estacion_A,Estacion_C,Autobus,4,Lluvia
1057,18,Estacion_B,Estacion_C,Metro,2,Lluvia
1058,16,Estacion_A,Estacion_B,Tren,1,Nieve
1059,22,Estacion_A,Estacion_B,Tren,1,Nieve
1060,19,Estacion_C,Estacion_C,Metro,6,Nieve
1061,19,Estacion_D,Estacion_B,Tren,6,Nieve
1062,5,Estacion_B,Estacion_C,Metro,4,Soleado
1063,20,Estacion_C,Estacion_D,Tren,3,Nieve
1064,22,Estacion_C,Estacion_B,Metro,0,Lluvia
1065,17,Estacion_C,Estacion_A,Autobus,2,Nieve
1066,15,Estacion_B,Estacion_C,Tren,3,Soleado
1067,18,Estacion_C,Estacion_A,Metro,8,Lluvia
1068,19,Estacion_B,Estacion_A,Tren,5,Soleado
1069,13,Estacion_C,Estacion_B,Autobus,5,Soleado
1070,13,Estacion_B,Estacion_C,Tren,5,Soleado
1071,13,Estacion_A,Estacion_D,Autobus,1,Soleado
1072,12,Estacion_A,Estacion_C,Tren,6,Nieve
1073,6,Estacion_C,Estacion_B,Tren,3,Soleado
1074,18,Estacion_A,Estacion_A,Tren,5,Lluvia
1075,8,Estacion_B,Estacion_A,Tren,3,Nublado
1076,5,Estacion_C,Estacion_C,Tren,1,Nieve
1077,6,Estacion_D,Estacion_C,Tren,0,Nublado
1078,19,Estacion_A,Estacion_B,Autobus,6,Lluvia
1079,17,Estacion_A,Estacion_D,Tren,4,Soleado
1080,6,Estacion_A,Estacion_A,Tren,4,Soleado
1081,20,Estacion_C,Estacion_A,Tren,3,Nieve
1082,20,Estacion_C,Estacion_D,Tren,3,Nublado
1083,15,Estacion_A,Estacion_D,Metro,1,Lluvia
1084,6,Estacion_A,Estacion_D,Autobus,0,Nublado
1085,16,Estacion_B,Estacion_B,Autobus,9,Nieve
1086,17,Estacion_B,Estacion_C,Autobus,2,Lluvia
1087,17,Estacion_D,Estacion_B,Tren,9,Soleado
1088,8,Estacion_C,Estacion_B,Metro,5,Nublado
1089,12,Estacion_B,Estacion_A,Autobus,0,Nublado
1090,7,Estacion_B,Estacion_D,Tren,8,Lluvia
1091,17,Estacion_A,Estacion_D,Autobus,8,Lluvia
1092,22,Estacion_C,Estacion_D,Autobus,7,Soleado
1093,23,Estacion_B,Estacion_D,Autobus,6,Nieve
1094,13,Estacion_B,Estacion_D,Tren,6,Soleado
1095,9,Estacion_C,Estacion_A,Metro,3,Lluvia
1096,6,Estacion_C,Estacion_D,Metro,4,Soleado
1097,7,Estacion_C,Estacion_D,Autobus,5,Nublado
1098,6,Estacion_B,Estacion_C,Autobus,8,Lluvia
1099,5,Estacion_B,Estacion_B,Tren,9,Lluvia
1100,10,Estacion_C,Estacion_B,Autobus,7,Nieve
1101,6,Estacion_B,Estacion_C,Autobus,7,Nieve
1102,5,Estacion_A,Estacion_B,Metro,5,Nublado
1103,15,Estacion_D,Estacion_D,Autobus,8,Soleado
1104,22,Estacion_D,Estacion_B,Autobus,11,Lluvia
1105,16,Estacion_B,Estacion_C,Metro,0,Soleado
1106,15,Estacion_B,Estacion_D,Metro,6,Nieve
1107,6,Estacion_C,Estacion_C,Autobus,2,Nieve
1108,14,Estacion_C,Estacion_B,Tren,10,Nublado
1109,23,Estacion_C,Estacion_B,Metro,6,Lluvia
1110,14,Estacion_C,Estacion_A,Metro,3,Soleado
1111,19,Estacion_D,Estacion_D,Metro,3,Nublado
1112,23,Estacion_C,Estacion_D,Tren,13,Lluvia
1113,12,Estacion_C,Estacion_C,Metro,6,Lluvia
1114,12,Estacion_A,Estacion_A,Autobus,6,Nublado
1115,17,Estacion_B,Estacion_D,Metro,8,Lluvia
1116,9,Estacion_C,Estacion_D,Tren,5,Nublado
1117,6,Estacion_A,Estacion_C,Autobus,3,Nublado
1118,15,Estacion_B,Estacion_C,Metro,1,Soleado
1119,5,Estacion_A,Estacion_B,Tren,9,Lluvia
1120,21,Estacion_B,Estacion_C,Tren,1,Lluvia
1121,14,Estacion_D,Estacion_C,Tren,8,Nublado
1122,8,Estacion_A,Estacion_A,Tren,5,Nublado
1123,11,Estacion_B,Estacion_B,Tren,5,Nublado
1124,21,Estacion_C,Estacion_C,Metro,4,Soleado
1125,21,Estacion_B,Estacion_B,Autobus,4,Soleado
1126,13,Estacion_B,Estacion_D,Metro,11,Nieve
1127,9,Estacion_B,Estacion_C,Metro,7,Nublado
1128,20,Estacion_B,Estacion_C,Autobus,6,Lluvia
1129,10,Estacion_B,Estacion_C,Autobus,4,Soleado
1130,6,Estacion_C,Estacion_B,Metro,-1,Soleado
1131,16,Estacion_B,Estacion_B,Autobus,5,Nublado
1132,5,Estacion_B,Estacion_C,Metro,10,Nieve
1133,20,Estacion_A,Estacion_D,Autobus,4,Nublado
1134,5,Estacion_C,Estacion_A,Autobus,11,Lluvia
1135,7,Estacion_D,Estacion_A,Metro,10,Nieve
1136,9,Estacion_A,Estacion_D,Metro,7,Nublado
1137,16,Estacion_B,Estacion_B,Tren,4,Soleado
1138,9,Estacion_D,Estacion_D,Metro,5,Lluvia
1139,10,Estacion_C,Estacion_C,Metro,8,Soleado
1140,6,Estacion_C,Estacion_D,Tren,0,Nieve
1141,23,Estacion_C,Estacion_A,Tren,8,Nieve
1142,9,Estacion_A,Estacion_C,Tren,9,Nublado
1143,19,Estacion_B,Estacion_B,Tren,5,Nieve
1144,20,Estacion_B,Estacion_C,Metro,5,Nieve
1145,14,Estacion_D,Estacion_C,Autobus,6,Soleado
1146,23,Estacion_D,Estacion_B,Autobus,2,Nieve
1147,5,Estacion_B,Estacion_B,Tren,3,Nublado
1148,17,Estacion_D,Estacion_A,Metro,0,Nublado
1149,10,Estacion_B,Estacion_D,Metro,11,Nieve
1150,9,Estacion_A,Estacion_D,Autobus,6,Nublado
1151,5,Estacion_A,Estacion_D,Tren,0,Nublado
1152,10,Estacion_A,Estacion_D,Autobus,4,Lluvia
1153,6,Estacion_B,Estacion_B,Metro,5,Nublado
1154,13,Estacion_A,Estacion_D,Tren,4,Nieve
1155,15,Estacion_A,Estacion_A,Autobus,9,Nieve
1156,9,Estacion_C,Estacion_B,Tren,6,Soleado
1157,9,Estacion_D,Estacion_D,Tren,8,Soleado
1158,15,Estacion_C,Estacion_B,Tren,9,Lluvia
1159,6,Estacion_D,Estacion_D,Tren,5,Soleado
1160,13,Estacion_D,Estacion_C,Metro,9,Lluvia
1161,9,Estacion_A,Estacion_D,Metro,9,Nublado
1162,16,Estacion_D,Estacion_D,Metro,6,Nublado
1163,5,Estacion_B,Estacion_A,Tren,3,Lluvia
1164,6,Estacion_C,Estacion_A,Tren,5,Nublado
1165,8,Estacion_A,Estacion_D,Metro,7,Lluvia
1166,15,Estacion_B,Estacion_D,Autobus,5,Soleado
1167,6,Estacion_C,Estacion_A,Tren,7,Nieve
1168,5,Estacion_B,Estacion_A,Tren,9,Nieve
1169,7,Estacion_A,Estacion_C,Metro,7,Lluvia
1170,7,Estacion_C,Estacion_A,Metro,3,Soleado
1171,14,Estacion_C,Estacion_C,Autobus,5,Lluvia
1172,18,Estacion_D,Estacion_C,Autobus,4,Soleado
1173,15,Estacion_A,Estacion_C,Tren,5,Nieve
1174,22,Estacion_A,Estacion_C,Autobus,4,Soleado
1175,13,Estacion_D,Estacion_B,Metro,4,Nublado
1176,18,Estacion_C,Estacion_B,Autobus,5,Lluvia
1177,11,Estacion_C,Estacion_C,Tren,4,Lluvia
1178,10,Estacion_B,Estacion_B,Tren,7,Nublado
1179,7,Estacion_C,Estacion_C,Metro,4,Nieve
1180,6,Estacion_D,Estacion_C,Metro,-2,Lluvia
1181,18,Estacion_C,Estacion_C,Tren,2,Lluvia
1182,23,Estacion_A,Estacion_C,Tren,7,Soleado
1183,10,Estacion_D,Estacion_B,Autobus,6,Lluvia
1184,7,Estacion_C,Estacion_A,Autobus,0,Lluvia
1185,7,Estacion_C,Estacion_B,Tren,1,Nieve
1186,13,Estacion_C,Estacion_A,Tren,4,Nublado
1187,20,Estacion_A,Estacion_B,Tren,7,Soleado
1188,21,Estacion_D,Estacion_D,Tren,3,Nieve
1189,13,Estacion_D,Estacion_A,Tren,4,Soleado
1190,17,Estacion_B,Estacion_C,Metro,7,Nieve
1191,22,Estacion_C,Estacion_C,Metro,2,Soleado
1192,6,Estacion_A,Estacion_A,Tren,4,Nublado
1193,6,Estacion_A,Estacion_A,Metro,6,Lluvia
1194,14,Estacion_D,Estacion_C,Metro,0,Soleado
1195,14,Estacion_B,Estacion_A,Tren,4,Lluvia
1196,20,Estacion_B,Estacion_D,Tren,3,Nieve
1197,16,Estacion_C,Estacion_D,Metro,1,Soleado
1198,12,Estacion_A,Estacion_C,Tren,2,Nublado
1199,11,Estacion_B,Estacion_C,Metro,7,Soleado
1200,19,Estacion_B,Estacion_D,Metro,4,Soleado
1201,19,Estacion_B,Estacion_A,Autobus,9,Nublado
1202,17,Estacion_A,Estacion_C,Autobus,8,Soleado
1203,5,Estacion_D,Estacion_C,Tren,4,Nieve
1204,19,Estacion_A,Estacion_A,Autobus,7,Soleado
1205,23,Estacion_B,Estacion_D,Metro,8,Lluvia
1206,13,Estacion_C,Estacion_C,Metro,0,Nieve
1207,23,Estacion_C,Estacion_A,Metro,6,Nieve
1208,22,Estacion_C,Estacion_D,Metro,2,Nieve
1209,7,Estacion_C,Estacion_A,Tren,1,Lluvia
1210,11,Estacion_B,Estacion_D,Tren,8,Lluvia
1211,15,Estacion_C,Estacion_B,Tren,1,Soleado
1212,11,Estacion_D,Estacion_B,Metro,2,Nieve
1213,8,Estacion_A,Estacion_B,Tren,3,Soleado
1214,15,Estacion_C,Estacion_A,Tren,6,Nublado
1215,9,Estacion_A,Estacion_D,Tren,5,Soleado
1216,13,Estacion_D,Estacion_A,Autobus,9,Lluvia
1217,7,Estacion_B,Estacion_B,Tren,8,Nublado
1218,13,Estacion_B,Estacion_D,Autobus,6,Nieve
1219,12,Estacion_A,Estacion_D,Metro,5,Nublado
1220,20,Estacion_A,Estacion_C,Metro,3,Lluvia
1221,15,Estacion_B,Estacion_B,Tren,5,Lluvia
1222,5,Estacion_A,Estacion_C,Tren,8,Lluvia
1223,8,Estacion_B,Estacion_A,Tren,6,Nublado
1224,20,Estacion_C,Estacion_C,Autobus,4,Nieve
1225,19,Estacion_A,Estacion_A,Metro,10,Nieve
1226,8,Estacion_B,Estacion_C,Autobus,5,Nieve
1227,7,Estacion_C,Estacion_D,Autobus,5,Soleado
1228,6,Estacion_A,Estacion_D,Autobus,0,Nublado
1229,22,Estacion_A,Estacion_C,Metro,6,Nublado
1230,9,Estacion_D,Estacion_D,Metro,6,Nublado
1231,22,Estacion_D,Estacion_C,Metro,4,Lluvia
1232,18,Estacion_D,Estacion_D,Metro,1,Nieve
1233,14,Estacion_A,Estacion_D,Tren,5,Lluvia
1234,15,Estacion_D,Estacion_A,Autobus,3,Nieve
1235,14,Estacion_D,Estacion_A,Metro,1,Nublado
1236,17,Estacion_B,Estacion_A,Tren,6,Nieve
1237,11,Estacion_A,Estacion_C,Autobus,5,Nieve
1238,22,Estacion_D,Estacion_C,Tren,9,Nieve
1239,7,Estacion_D,Estacion_D,Tren,7,Nublado
1240,12,Estacion_D,Estacion_C,Metro,5,Soleado
1241,9,Estacion_A,Estacion_B,Tren,-4,Nieve
1242,6,Estacion_C,Estacion_C,Metro,5,Lluvia
1243,15,Estacion_D,Estacion_B,Metro,3,Lluvia
1244,21,Estacion_B,Estacion_C,Autobus,4,Nieve
1245,13,Estacion_A,Estacion_B,Autobus,3,Nieve
1246,12,Estacion_D,Estacion_B,Autobus,3,Nieve
1247,9,Estacion_C,Estacion_B,Tren,4,Nieve
1248,7,Estacion_C,Estacion_A,Tren,6,Nieve
1249,5,Estacion_B,Estacion_A,Metro,0,Nieve
1250,9,Estacion_B,Estacion_A,Metro,10,Nublado
1251,9,Estacion_B,Estacion_B,Tren,7,Soleado
1252,11,Estacion_B,Estacion_A,Tren,4,Nieve
1253,15,Estacion_B,Estacion_A,Tren,6,Lluvia
1254,18,Estacion_D,Estacion_B,Metro,4,Lluvia
1255,9,Estacion_A,Estacion_B,Autobus,0,Nublado
1256,6,Estacion_A,Estacion_B,Metro,6,Nieve
1257,12,Estacion_D,Estacion_D,Tren,1,Nieve
1258,19,Estacion_B,Estacion_A,Metro,8,Nieve
1259,6,Estacion_D,Estacion_D,Autobus,12,Soleado
1260,10,Estacion_C,Estacion_B,Tren,0,Lluvia
1261,8,Estacion_B,Estacion_C,Tren,9,Nublado
1262,5,Estacion_B,Estacion_C,Tren,0,Nublado
1263,7,Estacion_A,Estacion_B,Tren,4,Soleado
1264,14,Estacion_C,Estacion_C,Metro,-1,Nieve
1265,17,Estacion_D,Estacion_C,Autobus,8,Nieve
1266,19,Estacion_C,Estacion_A,Autobus,0,Nublado
1267,8,Estacion_D,Estacion_A,Autobus,2,Nublado
1268,15,Estacion_A,Estacion_C,Tren,5,Lluvia
1269,6,Estacion_A,Estacion_B,Autobus,9,Nieve
1270,17,Estacion_B,Estacion_C,Metro,1,Nieve
1271,6,Estacion_A,Estacion_C,Tren,5,Soleado
1272,10,Estacion_A,Estacion_D,Autobus,-1,Lluvia
1273,12,Estacion_C,Estacion_B,Metro,6,Nieve
1274,10,Estacion_C,Estacion_C,Metro,8,Soleado
1275,12,Estacion_B,Estacion_A,Metro,1,Nublado
1276,15,Estacion_A,Estacion_D,Metro,4,Soleado
1277,13,Estacion_D,Estacion_D,Tren,1,Lluvia
1278,21,Estacion_A,Estacion_A,Autobus,4,Soleado
1279,22,Estacion_B,Estacion_D,Autobus,3,Lluvia
1280,20,Estacion_C,Estacion_A,Tren,8,Nieve
1281,9,Estacion_A,Estacion_B,Tren,4,Nublado
1282,9,Estacion_A,Estacion_D,Metro,10,Lluvia
1283,22,Estacion_C,Estacion_A,Tren,4,Lluvia
1284,5,Estacion_B,Estacion_B,Autobus,3,Lluvia
1285,13,Estacion_D,Estacion_D,Metro,1,Nublado
1286,15,Estacion_A,Estacion_B,Metro,6,Soleado
1287,15,Estacion_B,Estacion_D,Autobus,4,Nieve
1288,16,Estacion_D,Estacion_A,Tren,6,Lluvia
1289,16,Estacion_A,Estacion_D,Metro,13,Lluvia
1290,9,Estacion_C,Estacion_D,Tren,12,Nieve
1291,10,Estacion_C,Estacion_D,Autobus,7,Nublado
1292,9,Estacion_D,Estacion_C,Tren,4,Lluvia
1293,15,Estacion_D,Estacion_B,Autobus,5,Soleado
1294,7,Estacion_A,Estacion_D,Tren,0,Lluvia
1295,20,Estacion_A,Estacion_A,Metro,5,Nieve
1296,13,Estacion_C,Estacion_D,Tren,3,Lluvia
1297,21,Estacion_B,Estacion_B,Autobus,4,Lluvia
1298,14,Estacion_A,Estacion_A,Autobus,2,Nieve
1299,18,Estacion_C,Estacion_A,Metro,4,Nieve
1300,13,Estacion_C,Estacion_D,Metro,6,Lluvia
1301,16,Estacion_A,Estacion_A,Autobus,10,Lluvia
1302,23,Estacion_D,Estacion_D,Metro,1,Nublado
1303,15,Estacion_B,Estacion_A,Autobus,1,Nublado
1304,11,Estacion_A,Estacion_D,Tren,0,Lluvia
1305,6,Estacion_B,Estacion_D,Tren,14,Lluvia
1306,16,Estacion_B,Estacion_D,Autobus,4,Soleado
1307,21,Estacion_C,Estacion_A,Autobus,4,Lluvia
1308,5,Estacion_C,Estacion_C,Autobus,5,Nieve
1309,19,Estacion_B,Estacion_A,Autobus,5,Lluvia
1310,12,Estacion_D,Estacion_D,Metro,1,Nieve
1311,10,Estacion_C,Estacion_D,Metro,5,Lluvia
1312,23,Estacion_B,Estacion_C,Tren,3,Nublado
1313,17,Estacion_A,Estacion_D,Tren,8,Nieve
1314,5,Estacion_A,Estacion_B,Autobus,6,Lluvia
1315,6,Estacion_A,Estacion_D,Tren,6,Nieve
1316,16,Estacion_B,Estacion_B,Tren,3,Lluvia
1317,13,Estacion_C,Estacion_D,Autobus,10,Lluvia
1318,10,Estacion_D,Estacion_A,Metro,2,Lluvia
1319,8,Estacion_C,Estacion_A,Tren,3,Lluvia
1320,10,Estacion_A,Estacion_B,Metro,5,Nublado
1321,20,Estacion_B,Estacion_D,Tren,1,Nieve
1322,8,Estacion_A,Estacion_A,Autobus,3,Lluvia
1323,6,Estacion_A,Estacion_B,Autobus,4,Nieve
1324,13,Estacion_B,Estacion_A,Metro,6,Nublado
1325,5,Estacion_A,Estacion_A,Autobus,6,Nieve
1326,13,Estacion_A,Estacion_A,Tren,2,Lluvia
1327,18,Estacion_C,Estacion_C,Autobus,5,Nieve
1328,19,Estacion_B,Estacion_B,Tren,6,Nieve
1329,10,Estacion_C,Estacion_A,Metro,3,Nieve
1330,18,Estacion_B,Estacion_C,Autobus,3,Soleado
1331,17,Estacion_A,Estacion_C,Autobus,2,Soleado
1332,10,Estacion_D,Estacion_A,Autobus,9,Nublado
1333,23,Estacion_A,Estacion_A,Autobus,10,Lluvia
1334,19,Estacion_C,Estacion_D,Autobus,8,Nublado
1335,20,Estacion_B,Estacion_D,Metro,7,Soleado
1336,12,Estacion_A,Estacion_A,Metro,6,Lluvia
1337,7,Estacion_D,Estacion_D,Tren,7,Soleado
1338,6,Estacion_D,Estacion_D,Autobus,6,Nieve
1339,5,Estacion_A,Estacion_D,Metro,7,Soleado
1340,18,Estacion_C,Estacion_C,Metro,6,Lluvia
1341,11,Estacion_B,Estacion_C,Autobus,3,Lluvia
1342,11,Estacion_D,Estacion_C,Tren,8,Soleado
1343,10,Estacion_B,Estacion_D,Tren,4,Lluvia
1344,21,Estacion_C,Estacion_A,Autobus,4,Lluvia
1345,17,Estacion_D,Estacion_D,Metro,8,Lluvia
1346,8,Estacion_C,Estacion_C,Tren,1,Lluvia
1347,22,Estacion_A,Estacion_A,Tren,2,Nieve
1348,13,Estacion_D,Estacion_A,Autobus,4,Lluvia
1349,17,Estacion_D,Estacion_C,Autobus,8,Nieve
1350,17,Estacion_B,Estacion_C,Tren,7,Nublado
1351,9,Estacion_C,Estacion_C,Tren,7,Nublado
1352,6,Estacion_A,Estacion_B,Autobus,1,Lluvia
1353,19,Estacion_A,Estacion_B,Metro,0,Soleado
1354,20,Estacion_B,Estacion_C,Autobus,2,Lluvia
1355,22,Estacion_A,Estacion_D,Autobus,4,Lluvia
1356,11,Estacion_C,Estacion_A,Autobus,8,Soleado
1357,12,Estacion_C,Estacion_B,Metro,8,Nieve
1358,23,Estacion_D,Estacion_D,Autobus,9,Lluvia
1359,23,Estacion_B,Estacion_C,Metro,4,Nieve
1360,19,Estacion_A,Estacion_D,Metro,4,Nieve
1361,10,Estacion_A,Estacion_D,Tren,2,Nieve
1362,20,Estacion_A,Estacion_D,Metro,4,Soleado
1363,14,Estacion_D,Estacion_C,Tren,4,Nieve
1364,14,Estacion_D,Estacion_B,Tren,10,Soleado
1365,16,Estacion_D,Estacion_D,Autobus,10,Nieve
1366,22,Estacion_C,Estacion_D,Autobus,6,Lluvia
1367,14,Estacion_A,Estacion_C,Autobus,6,Lluvia
1368,8,Estacion_B,Estacion_C,Tren,6,Nublado
1369,19,Estacion_D,Estacion_A,Tren,3,Soleado
1370,23,Estacion_B,Estacion_B,Tren,0,Nublado
1371,15,Estacion_A,Estacion_D,Autobus,5,Lluvia
1372,14,Estacion_A,Estacion_B,Autobus,6,Nublado
1373,13,Estacion_D,Estacion_D,Metro,8,Soleado
1374,21,Estacion_D,Estacion_A,Autobus,6,Soleado
1375,15,Estacion_A,Estacion_C,Autobus,1,Lluvia
1376,15,Estacion_B,Estacion_B,Tren,2,Lluvia
1377,17,Estacion_C,Estacion_C,Tren,2,Nieve
1378,8,Estacion_C,Estacion_C,Metro,6,Soleado
1379,10,Estacion_A,Estacion_C,Metro,4,Lluvia
1380,22,Estacion_C,Estacion_A,Autobus,7,Nublado
1381,16,Estacion_C,Estacion_C,Metro,9,Soleado
1382,8,Estacion_A,Estacion_A,Metro,5,Nieve
1383,15,Estacion_B,Estacion_C,Metro,1,Soleado
1384,23,Estacion_A,Estacion_B,Autobus,9,Nublado
1385,9,Estacion_A,Estacion_B,Metro,6,Nieve
1386,22,Estacion_D,Estacion_A,Tren,2,Nieve
1387,11,Estacion_C,Estacion_C,Tren,8,Nublado
1388,17,Estacion_D,Estacion_B,Metro,5,Lluvia
1389,21,Estacion_B,Estacion_B,Tren,6,Lluvia
1390,16,Estacion_D,Estacion_A,Tren,5,Lluvia
1391,15,Estacion_A,Estacion_B,Metro,4,Nublado
1392,5,Estacion_D,Estacion_D,Autobus,3,Lluvia
1393,17,Estacion_D,Estacion_A,Metro,9,Soleado
1394,9,Estacion_C,Estacion_C,Autobus,4,Nublado
1395,19,Estacion_B,Estacion_C,Tren,5,Nieve
1396,9,Estacion_A,Estacion_A,Autobus,1,Nublado
1397,14,Estacion_C,Estacion_B,Metro,4,Lluvia
1398,18,Estacion_B,Estacion_C,Metro,0,Soleado
1399,12,Estacion_A,Estacion_B,Autobus,9,Nieve
1400,5,Estacion_D,Estacion_D,Metro,-2,Nieve
1401,12,Estacion_D,Estacion_B,Tren,5,Nublado
1402,13,Estacion_C,Estacion_A,Autobus,3,Nublado
1403,10,Estacion_B,Estacion_C,Autobus,5,Lluvia
1404,22,Estacion_D,Estacion_B,Tren,1,Lluvia
1405,14,Estacion_D,Estacion_B,Autobus,4,Lluvia
1406,7,Estacion_A,Estacion_C,Metro,7,Soleado
1407,8,Estacion_A,Estacion_A,Metro,1,Nieve
1408,22,Estacion_A,Estacion_D,Metro,5,Lluvia
1409,11,Estacion_A,Estacion_C,Metro,5,Nieve
1410,16,Estacion_B,Estacion_C,Metro,2,Nieve
1411,8,Estacion_B,Estacion_B,Tren,9,Soleado
1412,21,Estacion_D,Estacion_D,Tren,2,Nieve
1413,22,Estacion_A,Estacion_A,Tren,4,Soleado
1414,13,Estacion_D,Estacion_C,Autobus,12,Lluvia
1415,13,Estacion_B,Estacion_D,Metro,-4,Nieve
1416,18,Estacion_D,Estacion_B,Tren,7,Soleado
1417,6,Estacion_C,Estacion_C,Tren,4,Nublado
1418,21,Estacion_D,Estacion_A,Metro,-3,Lluvia
1419,11,Estacion_A,Estacion_B,Metro,7,Nieve
1420,11,Estacion_C,Estacion_D,Autobus,3,Lluvia
1421,19,Estacion_A,Estacion_B,Autobus,3,Lluvia
1422,21,Estacion_B,Estacion_B,Metro,5,Nieve
1423,14,Estacion_D,Estacion_C,Metro,8,Soleado
1424,23,Estacion_A,Estacion_A,Autobus,9,Nieve
1425,14,Estacion_B,Estacion_A,Autobus,5,Soleado
1426,19,Estacion_C,Estacion_B,Autobus,5,Lluvia
1427,23,Estacion_A,Estacion_C,Autobus,4,Nublado
1428,6,Estacion_D,Estacion_C,Tren,0,Soleado
1429,18,Estacion_D,Estacion_C,Metro,4,Nieve
1430,19,Estacion_B,Estacion_A,Metro,9,Nieve
1431,7,Estacion_A,Estacion_D,Metro,5,Nublado
1432,12,Estacion_D,Estacion_C,Autobus,3,Nublado
1433,8,Estacion_C,Estacion_B,Tren,2,Nublado
1434,14,Estacion_B,Estacion_A,Tren,0,Lluvia
1435,13,Estacion_A,Estacion_C,Tren,8,Lluvia
1436,5,Estacion_D,Estacion_B,Tren,6,Nublado
1437,8,Estacion_B,Estacion_A,Tren,1,Nublado
1438,13,Estacion_C,Estacion_C,Autobus,6,Nublado
1439,14,Estacion_D,Estacion_C,Autobus,7,Soleado
1440,17,Estacion_B,Estacion_B,Metro,8,Nieve
1441,7,Estacion_A,Estacion_A,Autobus,0,Nieve
1442,14,Estacion_D,Estacion_B,Metro,10,Soleado
1443,15,Estacion_C,Estacion_B,Autobus,4,Soleado
1444,13,Estacion_D,Estacion_D,Metro,3,Soleado
1445,22,Estacion_B,Estacion_C,Autobus,7,Nublado
1446,20,Estacion_A,Estacion_D,Tren,1,Nublado
1447,19,Estacion_A,Estacion_D,Metro,1,Nublado
1448,11,Estacion_D,Estacion_A,Metro,6,Soleado
1449,21,Estacion_A,Estacion_B,Metro,10,Nublado
1450,14,Estacion_D,Estacion_C,Autobus,4,Soleado
1451,18,Estacion_B,Estacion_C,Tren,2,Nublado
1452,7,Estacion_A,Estacion_A,Tren,6,Nublado
1453,5,Estacion_A,Estacion_D,Autobus,6,Soleado
1454,20,Estacion_A,Estacion_C,Autobus,1,Lluvia
1455,13,Estacion_C,Estacion_C,Autobus,1,Soleado
1456,19,Estacion_D,Estacion_C,Metro,1,Nublado
1457,10,Estacion_C,Estacion_C,Autobus,0,Lluvia
1458,11,Estacion_A,Estacion_D,Autobus,6,Nublado
1459,14,Estacion_C,Estacion_C,Metro,5,Nieve
1460,6,Estacion_D,Estacion_D,Tren,1,Nublado
1461,9,Estacion_B,Estacion_A,Tren,0,Lluvia
1462,6,Estacion_A,Estacion_A,Autobus,3,Soleado
1463,16,Estacion_A,Estacion_C,Metro,-5,Nieve
1464,10,Estacion_C,Estacion_D,Tren,4,Soleado
1465,19,Estacion_D,Estacion_C,Tren,3,Soleado
1466,19,Estacion_D,Estacion_A,Tren,8,Nublado
1467,17,Estacion_D,Estacion_A,Tren,0,Lluvia
1468,5,Estacion_B,Estacion_D,Autobus,3,Lluvia
1469,7,Estacion_D,Estacion_B,Tren,6,Lluvia
1470,8,Estacion_C,Estacion_C,Metro,5,Soleado
1471,19,Estacion_B,Estacion_C,Metro,9,Nieve
1472,7,Estacion_D,Estacion_A,Metro,3,Lluvia
1473,11,Estacion_A,Estacion_B,Autobus,0,Lluvia
1474,13,Estacion_A,Estacion_C,Metro,7,Soleado
1475,11,Estacion_C,Estacion_D,Metro,4,Nieve
1476,21,Estacion_C,Estacion_D,Tren,2,Soleado
1477,21,Estacion_B,Estacion_A,Tren,7,Nublado
1478,14,Estacion_A,Estacion_D,Metro,6,Nublado
1479,20,Estacion_D,Estacion_C,Tren,3,Nublado
1480,22,Estacion_B,Estacion_A,Metro,7,Lluvia
1481,22,Estacion_D,Estacion_D,Metro,3,Lluvia
1482,13,Estacion_D,Estacion_D,Autobus,8,Nieve
1483,21,Estacion_C,Estacion_B,Tren,4,Soleado
1484,7,Estacion_B,Estacion_A,Tren,2,Soleado
1485,13,Estacion_D,Estacion_A,Autobus,5,Soleado
1486,6,Estacion_D,Estacion_C,Metro,7,Nieve
1487,10,Estacion_B,Estacion_D,Autobus,5,Nublado
1488,21,Estacion_B,Estacion_B,Tren,10,Nieve
1489,13,Estacion_C,Estacion_B,Autobus,5,Soleado
1490,18,Estacion_B,Estacion_D,Tren,3,Lluvia
1491,9,Estacion_A,Estacion_B,Autobus,3,Nublado
1492,17,Estacion_B,Estacion_A,Tren,10,Nublado
1493,7,Estacion_A,Estacion_D,Tren,4,Soleado
1494,19,Estacion_B,Estacion_C,Autobus,7,Lluvia
1495,8,Estacion_A,Estacion_D,Metro,6,Lluvia
1496,16,Estacion_D,Estacion_D,Metro,9,Nieve
1497,19,Estacion_D,Estacion_D,Autobus,2,Soleado
1498,8,Estacion_C,Estacion_B,Metro,8,Nublado
1499,6,Estacion_C,Estacion_A,Autobus,11,Soleado
1500,10,Estacion_A,Estacion_D,Autobus,6,Lluvia
1501,23,Estacion_C,Estacion_B,Tren,3,Nieve
1502,21,Estacion_C,Estacion_A,Metro,0,Nublado
1503,14,Estacion_C,Estacion_B,Tren,0,Nieve
1504,20,Estacion_A,Estacion_D,Metro,3,Lluvia
1505,11,Estacion_B,Estacion_C,Metro,6,Nieve
1506,5,Estacion_C,Estacion_A,Tren,1,Nublado
1507,22,Estacion_B,Estacion_D,Tren,1,Nieve
1508,6,Estacion_B,Estacion_C,Tren,2,Lluvia
1509,7,Estacion_D,Estacion_D,Autobus,2,Lluvia
1510,18,Estacion_A,Estacion_C,Autobus,4,Nieve
1511,22,Estacion_C,Estacion_B,Autobus,5,Nublado
1512,7,Estacion_A,Estacion_A,Tren,5,Nublado
1513,14,Estacion_A,Estacion_A,Metro,8,Nublado
1514,8,Estacion_A,Estacion_A,Tren,3,Soleado
1515,5,Estacion_D,Estacion_A,Autobus,5,Nieve
1516,16,Estacion_C,Estacion_B,Autobus,3,Soleado
1517,7,Estacion_C,Estacion_B,Metro,0,Nieve
1518,21,Estacion_A,Estacion_A,Tren,3,Lluvia
1519,7,Estacion_B,Estacion_A,Metro,0,Nieve
1520,7,Estacion_A,Estacion_C,Autobus,3,Soleado
1521,18,Estacion_B,Estacion_C,Tren,5,Lluvia
1522,10,Estacion_C,Estacion_D,Metro,6,Soleado
1523,23,Estacion_B,Estacion_B,Metro,7,Soleado
1524,6,Estacion_C,Estacion_B,Autobus,0,Soleado
1525,23,Estacion_B,Estacion_D,Metro,6,Nieve
1526,17,Estacion_A,Estacion_C,Autobus,9,Nieve
1527,9,Estacion_C,Estacion_A,Autobus,5,Lluvia
1528,16,Estacion_C,Estacion_B,Autobus,9,Nublado
1529,13,Estacion_D,Estacion_A,Metro,7,Nublado
1530,19,Estacion_A,Estacion_C,Tren,0,Nublado
1531,21,Estacion_B,Estacion_B,Tren,11,Nublado
1532,16,Estacion_D,Estacion_B,Metro,8,Soleado
1533,5,Estacion_B,Estacion_B,Autobus,3,Nublado
1534,16,Estacion_C,Estacion_C,Tren,5,Lluvia
1535,14,Estacion_C,Estacion_C,Autobus,4,Soleado
1536,21,Estacion_D,Estacion_B,Tren,4,Lluvia
1537,6,Estacion_A,Estacion_C,Metro,6,Nublado
1538,10,Estacion_B,Estacion_D,Tren,9,Nublado
1539,5,Estacion_B,Estacion_B,Metro,1,Lluvia
1540,13,Estacion_A,Estacion_D,Metro,8,Nieve
1541,17,Estacion_D,Estacion_D,Metro,3,Lluvia
1542,19,Estacion_A,Estacion_B,Tren,3,Nublado
1543,12,Estacion_A,Estacion_C,Autobus,5,Soleado
1544,7,Estacion_D,Estacion_C,Tren,6,Soleado
1545,6,Estacion_A,Estacion_D,Tren,3,Nieve
1546,9,Estacion_D,Estacion_A,Tren,12,Soleado
1547,23,Estacion_A,Estacion_A,Tren,4,Soleado
1548,18,Estacion_C,Estacion_C,Autobus,5,Soleado
1549,13,Estacion_A,Estacion_D,Autobus,0,Nieve
1550,15,Estacion_B,Estacion_A,Metro,14,Soleado
1551,23,Estacion_B,Estacion_D,Metro,3,Nieve
1552,9,Estacion_B,Estacion_D,Metro,5,Nieve
1553,11,Estacion_C,Estacion_C,Metro,4,Nublado
1554,18,Estacion_A,Estacion_D,Autobus,7,Lluvia
1555,15,Estacion_C,Estacion_C,Tren,3,Nublado
1556,6,Estacion_A,Estacion_B,Autobus,0,Nieve
1557,23,Estacion_A,Estacion_B,Metro,6,Nieve
1558,11,Estacion_B,Estacion_C,Tren,4,Lluvia
1559,14,Estacion_A,Estacion_C,Tren,3,Nieve
1560,19,Estacion_D,Estacion_D,Autobus,6,Nublado
1561,14,Estacion_A,Estacion_A,Metro,0,Lluvia
1562,13,Estacion_C,Estacion_D,Metro,3,Nieve
1563,11,Estacion_B,Estacion_C,Metro,0,Nublado
1564,8,Estacion_C,Estacion_A,Metro,3,Soleado
1565,16,Estacion_B,Estacion_B,Metro,6,Lluvia
1566,17,Estacion_C,Estacion_A,Tren,10,Soleado
1567,5,Estacion_B,Estacion_A,Autobus,7,Soleado
1568,16,Estacion_D,Estacion_C,Metro,7,Lluvia
1569,7,Estacion_C,Estacion_C,Autobus,10,Nieve
1570,16,Estacion_C,Estacion_A,Metro,13,Nublado
1571,17,Estacion_A,Estacion_B,Tren,4,Lluvia
1572,23,Estacion_C,Estacion_D,Autobus,9,Nieve
1573,11,Estacion_B,Estacion_D,Metro,9,Lluvia
1574,16,Estacion_B,Estacion_C,Metro,3,Soleado
1575,22,Estacion_A,Estacion_A,Tren,2,Lluvia
1576,6,Estacion_A,Estacion_A,Tren,7,Nieve
1577,19,Estacion_C,Estacion_C,Metro,7,Soleado
1578,20,Estacion_B,Estacion_B,Metro,5,Nieve
1579,6,Estacion_C,Estacion_A,Metro,-2,Lluvia
1580,22,Estacion_D,Estacion_B,Autobus,5,Soleado
1581,12,Estacion_C,Estacion_B,Tren,1,Lluvia
1582,16,Estacion_C,Estacion_A,Tren,4,Nublado
1583,9,Estacion_A,Estacion_D,Autobus,-1,Nieve
1584,11,Estacion_A,Estacion_B,Tren,2,Lluvia
1585,5,Estacion_B,Estacion_A,Metro,6,Lluvia
1586,8,Estacion_D,Estacion_B,Tren,5,Soleado
1587,16,Estacion_B,Estacion_A,Tren,5,Soleado
1588,20,Estacion_B,Estacion_A,Tren,9,Nieve
1589,13,Estacion_A,Estacion_B,Tren,7,Soleado
1590,13,Estacion_A,Estacion_C,Autobus,0,Nublado
1591,19,Estacion_A,Estacion_B,Metro,4,Nublado
1592,13,Estacion_C,Estacion_D,Autobus,0,Nublado
1593,19,Estacion_A,Estacion_D,Autobus,2,Soleado
1594,14,Estacion_C,Estacion_D,Autobus,7,Nublado
1595,20,Estacion_D,Estacion_A,Metro,6,Nieve
1596,21,Estacion_A,Estacion_A,Metro,3,Nieve
1597,22,Estacion_D,Estacion_B,Autobus,8,Lluvia
1598,8,Estacion_C,Estacion_C,Tren,10,Soleado
1599,5,Estacion_C,Estacion_C,Metro,4,Soleado
1600,23,Estacion_B,Estacion_C,Autobus,3,Soleado
1601,13,Estacion_A,Estacion_D,Autobus,3,Soleado
1602,9,Estacion_D,Estacion_A,Metro,13,Lluvia
1603,20,Estacion_D,Estacion_D,Autobus,1,Lluvia
1604,13,Estacion_B,Estacion_C,Autobus,6,Lluvia
1605,23,Estacion_A,Estacion_C,Tren,3,Nieve
1606,13,Estacion_D,Estacion_D,Autobus,11,Soleado
1607,18,Estacion_C,Estacion_A,Metro,3,Nublado
1608,21,Estacion_B,Estacion_B,Autobus,7,Nieve
1609,13,Estacion_B,Estacion_B,Tren,2,Lluvia
1610,11,Estacion_A,Estacion_B,Autobus,6,Nieve
1611,22,Estacion_B,Estacion_C,Tren,7,Nieve
1612,20,Estacion_C,Estacion_C,Autobus,6,Nublado
1613,6,Estacion_B,Estacion_D,Metro,4,Nieve
1614,23,Estacion_B,Estacion_C,Tren,0,Nublado
1615,16,Estacion_C,Estacion_B,Tren,1,Soleado
1616,17,Estacion_D,Estacion_C,Autobus,3,Nublado
1617,14,Estacion_B,Estacion_B,Tren,6,Soleado
1618,18,Estacion_A,Estacion_B,Metro,4,Soleado
1619,11,Estacion_A,Estacion_D,Tren,4,Soleado
1620,9,Estacion_A,Estacion_B,Metro,5,Soleado
1621,23,Estacion_B,Estacion_B,Tren,9,Lluvia
1622,5,Estacion_C,Estacion_A,Metro,5,Lluvia
1623,15,Estacion_D,Estacion_B,Tren,-2,Nieve
1624,16,Estacion_C,Estacion_B,Autobus,6,Nublado
1625,15,Estacion_C,Estacion_D,Metro,1,Soleado
1626,12,Estacion_C,Estacion_B,Tren,3,Nieve
1627,16,Estacion_B,Estacion_C,Autobus,1,Nublado
1628,14,Estacion_A,Estacion_A,Tren,5,Nublado
1629,11,Estacion_D,Estacion_C,Metro,6,Lluvia
1630,20,Estacion_D,Estacion_B,Tren,1,Soleado
1631,20,Estacion_A,Estacion_D,Tren,5,Soleado
1632,7,Estacion_B,Estacion_D,Metro,2,Lluvia
1633,20,Estacion_A,Estacion_C,Autobus,1,Soleado
1634,20,Estacion_A,Estacion_C,Metro,6,Lluvia
1635,21,Estacion_D,Estacion_D,Autobus,7,Nublado
1636,21,Estacion_C,Estacion_C,Metro,8,Soleado
1637,16,Estacion_B,Estacion_A,Tren,3,Nieve
1638,18,Estacion_C,Estacion_B,Tren,5,Nieve
1639,18,Estacion_A,Estacion_A,Autobus,5,Nieve
1640,10,Estacion_D,Estacion_D,Autobus,4,Nublado
1641,6,Estacion_D,Estacion_D,Metro,7,Soleado
1642,17,Estacion_D,Estacion_C,Autobus,4,Soleado
1643,17,Estacion_D,Estacion_A,Autobus,0,Lluvia
1644,13,Estacion_D,Estacion_A,Autobus,3,Nublado
1645,14,Estacion_B,Estacion_C,Metro,4,Soleado
1646,11,Estacion_A,Estacion_B,Autobus,8,Nieve
1647,10,Estacion_C,Estacion_D,Autobus,1,Soleado
1648,8,Estacion_D,Estacion_A,Autobus,4,Soleado
1649,22,Estacion_A,Estacion_C,Metro,3,Soleado
1650,11,Estacion_B,Estacion_B,Autobus,6,Soleado
1651,22,Estacion_B,Estacion_C,Tren,8,Soleado
1652,23,Estacion_D,Estacion_B,Autobus,10,Lluvia
1653,12,Estacion_D,Estacion_B,Metro,3,Soleado
1654,20,Estacion_A,Estacion_D,Tren,6,Nieve
1655,8,Estacion_B,Estacion_C,Tren,5,Nieve
1656,20,Estacion_D,Estacion_B,Tren,3,Nieve
1657,11,Estacion_D,Estacion_D,Autobus,7,Lluvia
1658,10,Estacion_B,Estacion_B,Autobus,-1,Soleado
1659,23,Estacion_B,Estacion_A,Metro,8,Nieve
1660,5,Estacion_D,Estacion_C,Metro,2,Nublado
1661,10,Estacion_B,Estacion_C,Autobus,4,Nieve
1662,19,Estacion_D,Estacion_D,Autobus,1,Nublado
1663,19,Estacion_B,Estacion_A,Autobus,2,Soleado
1664,15,Estacion_B,Estacion_A,Autobus,3,Nieve
1665,19,Estacion_D,Estacion_C,Tren,0,Lluvia
1666,21,Estacion_C,Estacion_B,Autobus,1,Soleado
1667,9,Estacion_B,Estacion_C,Autobus,7,Nublado
1668,7,Estacion_A,Estacion_B,Tren,3,Lluvia
1669,22,Estacion_C,Estacion_B,Metro,1,Nieve
1670,6,Estacion_D,Estacion_A,Metro,4,Nieve
1671,19,Estacion_A,Estacion_D,Tren,2,Lluvia
1672,5,Estacion_A,Estacion_A,Autobus,3,Nublado
1673,23,Estacion_C,Estacion_D,Autobus,1,Nublado
1674,10,Estacion_B,Estacion_B,Autobus,1,Lluvia
1675,18,Estacion_C,Estacion_D,Metro,6,Nieve
1676,20,Estacion_A,Estacion_B,Autobus,1,Lluvia
1677,21,Estacion_B,Estacion_A,Metro,0,Nieve
1678,22,Estacion_A,Estacion_D,Autobus,4,Nieve
1679,8,Estacion_B,Estacion_A,Tren,4,Soleado
1680,11,Estacion_A,Estacion_A,Metro,5,Nublado
1681,7,Estacion_D,Estacion_D,Autobus,7,Nieve
1682,12,Estacion_B,Estacion_D,Tren,4,Soleado
1683,12,Estacion_A,Estacion_C,Tren,10,Soleado
1684,21,Estacion_B,Estacion_A,Tren,1,Nublado
1685,5,Estacion_C,Estacion_B,Metro,-1,Nieve
1686,22,Estacion_D,Estacion_A,Autobus,4,Soleado
1687,17,Estacion_B,Estacion_A,Tren,2,Lluvia
1688,20,Estacion_B,Estacion_C,Autobus,5,Nublado
1689,22,Estacion_B,Estacion_B,Metro,8,Nublado
1690,5,Estacion_C,Estacion_C,Metro,2,Soleado
1691,9,Estacion_B,Estacion_D,Metro,8,Lluvia
1692,16,Estacion_B,Estacion_B,Metro,8,Soleado
1693,20,Estacion_D,Estacion_B,Tren,3,Nieve
1694,16,Estacion_C,Estacion_D,Tren,4,Lluvia
1695,16,Estacion_D,Estacion_B,Autobus,6,Soleado
1696,14,Estacion_A,Estacion_D,Tren,4,Lluvia
1697,14,Estacion_D,Estacion_D,Autobus,0,Nublado
1698,8,Estacion_D,Estacion_C,Metro,4,Lluvia
1699,13,Estacion_D,Estacion_D,Autobus,5,Nublado
1700,23,Estacion_B,Estacion_A,Metro,4,Lluvia
1701,8,Estacion_D,Estacion_C,Autobus,0,Lluvia
1702,19,Estacion_B,Estacion_C,Tren,3,Nublado
1703,13,Estacion_A,Estacion_A,Metro,6,Nieve
1704,6,Estacion_B,Estacion_B,Autobus,3,Nieve
1705,15,Estacion_A,Estacion_A,Autobus,3,Nieve
1706,5,Estacion_C,Estacion_C,Metro,2,Nublado
1707,11,Estacion_B,Estacion_A,Metro,4,Soleado
1708,23,Estacion_B,Estacion_B,Metro,4,Lluvia
1709,20,Estacion_D,Estacion_B,Autobus,4,Nieve
1710,23,Estacion_A,Estacion_C,Tren,8,Nublado
1711,19,Estacion_C,Estacion_C,Metro,-2,Nieve
1712,22,Estacion_C,Estacion_C,Tren,3,Lluvia
1713,22,Estacion_D,Estacion_A,Tren,4,Soleado
1714,23,Estacion_A,Estacion_C,Metro,1,Lluvia
1715,21,Estacion_B,Estacion_B,Tren,5,Lluvia
1716,17,Estacion_A,Estacion_A,Autobus,7,Nublado
1717,8,Estacion_A,Estacion_D,Autobus,7,Lluvia
1718,16,Estacion_A,Estacion_A,Tren,9,Nieve
1719,20,Estacion_D,Estacion_C,Metro,6,Soleado
1720,11,Estacion_B,Estacion_D,Autobus,0,Nublado
1721,18,Estacion_B,Estacion_B,Metro,2,Nublado
1722,6,Estacion_C,Estacion_C,Autobus,3,Nublado
1723,22,Estacion_A,Estacion_A,Autobus,10,Nieve
1724,14,Estacion_A,Estacion_B,Tren,6,Soleado
1725,19,Estacion_A,Estacion_B,Metro,12,Nieve
1726,16,Estacion_C,Estacion_D,Metro,6,Soleado
1727,17,Estacion_B,Estacion_D,Tren,4,Nieve
1728,21,Estacion_B,Estacion_C,Tren,8,Nieve
1729,7,Estacion_B,Estacion_C,Autobus,8,Nublado
1730,21,Estacion_B,Estacion_A,Tren,-1,Nieve
1731,22,Estacion_A,Estacion_B,Tren,0,Nublado
1732,12,Estacion_C,Estacion_A,Metro,10,Soleado
1733,12,Estacion_B,Estacion_B,Metro,-3,Lluvia
1734,6,Estacion_A,Estacion_D,Metro,8,Soleado
1735,7,Estacion_A,Estacion_C,Tren,7,Nieve
1736,19,Estacion_D,Estacion_A,Autobus,10,Soleado
1737,16,Estacion_B,Estacion_B,Tren,3,Nublado
1738,21,Estacion_B,Estacion_A,Metro,7,Lluvia
1739,17,Estacion_B,Estacion_C,Autobus,5,Soleado
1740,11,Estacion_A,Estacion_A,Metro,3,Nublado
1741,6,Estacion_B,Estacion_A,Autobus,8,Nublado
1742,9,Estacion_D,Estacion_D,Metro,8,Nieve
1743,10,Estacion_A,Estacion_A,Autobus,3,Soleado
1744,12,Estacion_D,Estacion_C,Metro,2,Nieve
1745,17,Estacion_B,Estacion_B,Autobus,8,Lluvia
1746,14,Estacion_D,Estacion_A,Autobus,3,Lluvia
1747,10,Estacion_D,Estacion_B,Tren,4,Soleado
1748,7,Estacion_B,Estacion_B,Metro,6,Nieve
1749,21,Estacion_A,Estacion_B,Metro,4,Soleado
1750,8,Estacion_D,Estacion_A,Metro,3,Nieve
1751,6,Estacion_D,Estacion_D,Metro,11,Lluvia
1752,7,Estacion_C,Estacion_B,Tren,8,Soleado
1753,6,Estacion_C,Estacion_C,Metro,6,Nieve
1754,20,Estacion_B,Estacion_A,Autobus,6,Nublado
1755,19,Estacion_D,Estacion_C,Autobus,3,Nublado
1756,20,Estacion_D,Estacion_B,Autobus,-1,Nieve
1757,21,Estacion_C,Estacion_B,Metro,1,Lluvia
1758,22,Estacion_C,Estacion_B,Metro,2,Soleado
1759,8,Estacion_B,Estacion_D,Tren,2,Lluvia
1760,5,Estacion_C,Estacion_B,Metro,5,Nublado
1761,14,Estacion_C,Estacion_C,Autobus,4,Nieve
1762,23,Estacion_A,Estacion_C,Autobus,5,Nieve
1763,21,Estacion_C,Estacion_B,Metro,7,Lluvia
1764,15,Estacion_D,Estacion_D,Metro,4,Lluvia
1765,11,Estacion_B,Estacion_D,Tren,0,Nieve
1766,10,Estacion_D,Estacion_D,Autobus,7,Nublado
1767,19,Estacion_C,Estacion_D,Autobus,6,Nublado
1768,19,Estacion_C,Estacion_C,Tren,7,Nieve
1769,18,Estacion_D,Estacion_D,Metro,0,Lluvia
1770,8,Estacion_C,Estacion_C,Metro,-1,Nublado
1771,5,Estacion_B,Estacion_D,Metro,4,Lluvia
1772,7,Estacion_B,Estacion_B,Tren,6,Soleado
1773,16,Estacion_D,Estacion_C,Tren,10,Soleado
1774,14,Estacion_D,Estacion_A,Tren,2,Soleado
1775,19,Estacion_A,Estacion_A,Autobus,5,Nieve
1776,5,Estacion_D,Estacion_C,Autobus,4,Lluvia
1777,17,Estacion_C,Estacion_B,Tren,7,Nieve
1778,12,Estacion_A,Estacion_D,Metro,7,Lluvia
1779,22,Estacion_D,Estacion_B,Autobus,4,Nublado
1780,17,Estacion_A,Estacion_A,Tren,3,Soleado
1781,17,Estacion_D,Estacion_D,Metro,1,Nublado
1782,8,Estacion_A,Estacion_C,Tren,5,Nublado
1783,16,Estacion_A,Estacion_A,Tren,3,Soleado
1784,22,Estacion_D,Estacion_D,Tren,8,Lluvia
1785,22,Estacion_D,Estacion_B,Autobus,4,Soleado
1786,14,Estacion_D,Estacion_D,Tren,9,Lluvia
1787,14,Estacion_C,Estacion_C,Tren,6,Lluvia
1788,22,Estacion_D,Estacion_C,Autobus,0,Nieve
1789,8,Estacion_C,Estacion_D,Metro,6,Nublado
1790,18,Estacion_D,Estacion_D,Autobus,3,Nublado
1791,21,Estacion_C,Estacion_A,Metro,0,Soleado
1792,21,Estacion_A,Estacion_D,Tren,7,Nieve
1793,18,Estacion_B,Estacion_D,Autobus,9,Nieve
1794,19,Estacion_C,Estacion_B,Autobus,1,Lluvia
1795,12,Estacion_C,Estacion_B,Autobus,7,Lluvia
1796,5,Estacion_C,Estacion_C,Autobus,0,Lluvia
1797,8,Estacion_D,Estacion_C,Tren,5,Soleado
1798,22,Estacion_D,Estacion_B,Metro,5,Lluvia
1799,18,Estacion_C,Estacion_D,Autobus,6,Lluvia
1800,17,Estacion_A,Estacion_C,Tren,5,Nublado
1801,23,Estacion_D,Estacion_A,Autobus,6,Nieve
1802,14,Estacion_D,Estacion_D,Metro,9,Nublado
1803,8,Estacion_D,Estacion_D,Tren,0,Nieve
1804,20,Estacion_B,Estacion_A,Autobus,3,Nublado
1805,17,Estacion_D,Estacion_A,Metro,8,Soleado
1806,16,Estacion_D,Estacion_D,Autobus,6,Lluvia
1807,22,Estacion_D,Estacion_A,Metro,6,Nublado
1808,7,Estacion_C,Estacion_C,Tren,0,Soleado
1809,8,Estacion_C,Estacion_D,Metro,2,Nieve
1810,23,Estacion_B,Estacion_C,Autobus,0,Soleado
1811,14,Estacion_D,Estacion_B,Metro,-1,Nublado
1812,20,Estacion_B,Estacion_C,Metro,5,Lluvia
1813,17,Estacion_B,Estacion_C,Tren,0,Lluvia
1814,16,Estacion_A,Estacion_D,Autobus,4,Lluvia
1815,6,Estacion_D,Estacion_C,Metro,7,Nublado
1816,14,Estacion_D,Estacion_A,Autobus,2,Soleado
1817,21,Estacion_B,Estacion_C,Tren,9,Lluvia
1818,6,Estacion_A,Estacion_A,Metro,1,Lluvia
1819,10,Estacion_A,Estacion_B,Autobus,3,Soleado
1820,13,Estacion_A,Estacion_B,Metro,0,Nieve
1821,21,Estacion_C,Estacion_C,Autobus,5,Nublado
1822,14,Estacion_C,Estacion_C,Metro,1,Lluvia
1823,7,Estacion_D,Estacion_A,Metro,5,Lluvia
1824,6,Estacion_C,Estacion_A,Metro,2,Nublado
1825,13,Estacion_A,Estacion_C,Tren,6,Nublado
1826,21,Estacion_C,Estacion_B,Autobus,8,Nublado
1827,11,Estacion_A,Estacion_D,Autobus,4,Nieve
1828,6,Estacion_C,Estacion_D,Tren,2,Nublado
1829,23,Estacion_B,Estacion_C,Metro,9,Nublado
1830,12,Estacion_A,Estacion_B,Metro,4,Lluvia
1831,23,Estacion_D,Estacion_B,Tren,6,Lluvia
1832,22,Estacion_A,Estacion_C,Metro,3,Soleado
1833,15,Estacion_B,Estacion_A,Tren,2,Nieve
1834,23,Estacion_D,Estacion_A,Tren,-2,Soleado
1835,21,Estacion_A,Estacion_B,Metro,7,Lluvia
1836,23,Estacion_B,Estacion_C,Autobus,8,Nieve
1837,8,Estacion_C,Estacion_A,Metro,4,Lluvia
1838,15,Estacion_D,Estacion_D,Metro,1,Nieve
1839,13,Estacion_B,Estacion_B,Autobus,0,Lluvia
1840,9,Estacion_D,Estacion_B,Metro,4,Nieve
1841,11,Estacion_D,Estacion_A,Metro,9,Nublado
1842,6,Estacion_A,Estacion_B,Metro,3,Nieve
1843,21,Estacion_C,Estacion_B,Autobus,7,Lluvia
1844,22,Estacion_D,Estacion_D,Tren,5,Nublado
1845,14,Estacion_A,Estacion_A,Tren,5,Nublado
1846,15,Estacion_D,Estacion_C,Autobus,7,Nieve
1847,18,Estacion_D,Estacion_A,Tren,4,Soleado
1848,10,Estacion_B,Estacion_C,Metro,8,Nublado
1849,8,Estacion_C,Estacion_C,Autobus,5,Lluvia
1850,19,Estacion_D,Estacion_B,Metro,7,Nieve
1851,5,Estacion_B,Estacion_C,Tren,0,Soleado
1852,13,Estacion_B,Estacion_B,Tren,4,Soleado
1853,12,Estacion_C,Estacion_A,Metro,3,Lluvia
1854,11,Estacion_D,Estacion_B,Autobus,1,Soleado
1855,23,Estacion_A,Estacion_C,Metro,8,Soleado
1856,8,Estacion_C,Estacion_D,Autobus,0,Nublado
1857,11,Estacion_C,Estacion_D,Metro,9,Nieve
1858,9,Estacion_D,Estacion_C,Tren,6,Lluvia
1859,19,Estacion_A,Estacion_A,Autobus,8,Soleado
1860,20,Estacion_D,Estacion_A,Autobus,2,Lluvia
1861,13,Estacion_D,Estacion_B,Autobus,4,Nublado
1862,10,Estacion_B,Estacion_A,Autobus,6,Lluvia
1863,19,Estacion_A,Estacion_C,Autobus,8,Soleado
1864,9,Estacion_C,Estacion_B,Tren,9,Nieve
1865,14,Estacion_A,Estacion_B,Autobus,8,Soleado
1866,9,Estacion_B,Estacion_B,Tren,9,Lluvia
1867,6,Estacion_A,Estacion_D,Autobus,4,Soleado
1868,8,Estacion_C,Estacion_B,Metro,5,Nieve
1869,21,Estacion_C,Estacion_B,Autobus,1,Nieve
1870,21,Estacion_B,Estacion_B,Metro,2,Lluvia
1871,19,Estacion_B,Estacion_B,Metro,1,Soleado
1872,6,Estacion_C,Estacion_A,Metro,7,Soleado
1873,22,Estacion_C,Estacion_B,Autobus,-1,Lluvia
1874,9,Estacion_A,Estacion_B,Autobus,3,Lluvia
1875,14,Estacion_A,Estacion_D,Tren,5,Lluvia
1876,18,Estacion_D,Estacion_D,Autobus,0,Soleado
1877,23,Estacion_D,Estacion_B,Metro,4,Nublado
1878,19,Estacion_B,Estacion_D,Autobus,11,Lluvia
1879,10,Estacion_C,Estacion_C,Tren,9,Lluvia
1880,11,Estacion_C,Estacion_B,Metro,4,Soleado
1881,20,Estacion_D,Estacion_A,Autobus,4,Nublado
1882,10,Estacion_C,Estacion_A,Metro,3,Nieve
1883,7,Estacion_C,Estacion_C,Tren,8,Soleado
1884,14,Estacion_D,Estacion_C,Metro,1,Lluvia
1885,22,Estacion_C,Estacion_A,Metro,8,Soleado
1886,23,Estacion_B,Estacion_D,Metro,0,Nublado
1887,12,Estacion_B,Estacion_C,Tren,6,Soleado
1888,17,Estacion_D,Estacion_A,Autobus,6,Soleado
1889,13,Estacion_D,Estacion_B,Metro,9,Soleado
1890,16,Estacion_C,Estacion_B,Autobus,5,Soleado
1891,22,Estacion_C,Estacion_A,Tren,5,Soleado
1892,10,Estacion_D,Estacion_D,Autobus,1,Soleado
1893,20,Estacion_B,Estacion_D,Autobus,8,Lluvia
1894,10,Estacion_B,Estacion_C,Metro,7,Lluvia
1895,7,Estacion_D,Estacion_B,Autobus,4,Soleado
1896,5,Estacion_B,Estacion_A,Tren,6,Nieve
1897,9,Estacion_D,Estacion_C,Metro,3,Soleado
1898,17,Estacion_C,Estacion_B,Autobus,5,Nublado
1899,11,Estacion_C,Estacion_B,Metro,7,Nieve
1900,18,Estacion_B,Estacion_D,Tren,4,Lluvia
1901,8,Estacion_B,Estacion_A,Tren,3,Lluvia
1902,21,Estacion_B,Estacion_C,Metro,5,Nublado
1903,14,Estacion_D,Estacion_D,Tren,3,Lluvia
1904,10,Estacion_A,Estacion_D,Tren,9,Lluvia
1905,19,Estacion_C,Estacion_D,Metro,8,Nublado
1906,21,Estacion_C,Estacion_A,Autobus,7,Nieve
1907,5,Estacion_C,Estacion_B,Autobus,3,Soleado
1908,14,Estacion_C,Estacion_A,Metro,2,Soleado
1909,22,Estacion_A,Estacion_D,Metro,0,Lluvia
1910,6,Estacion_D,Estacion_A,Tren,6,Nublado
1911,16,Estacion_D,Estacion_D,Autobus,2,Nieve
1912,9,Estacion_C,Estacion_B,Metro,7,Nieve
1913,18,Estacion_C,Estacion_C,Tren,6,Nieve
1914,14,Estacion_D,Estacion_B,Tren,7,Soleado
1915,11,Estacion_A,Estacion_B,Metro,7,Nieve
1916,6,Estacion_D,Estacion_B,Metro,5,Nublado
1917,16,Estacion_D,Estacion_C,Tren,-1,Nieve
1918,13,Estacion_C,Estacion_A,Metro,6,Lluvia
1919,10,Estacion_C,Estacion_B,Autobus,0,Soleado
1920,5,Estacion_A,Estacion_A,Metro,4,Nublado
1921,18,Estacion_A,Estacion_A,Autobus,6,Soleado
1922,16,Estacion_D,Estacion_A,Metro,0,Nublado
1923,15,Estacion_A,Estacion_D,Autobus,4,Nublado
1924,19,Estacion_A,Estacion_D,Autobus,3,Nublado
1925,16,Estacion_A,Estacion_A,Metro,7,Nieve
1926,21,Estacion_C,Estacion_C,Metro,5,Soleado
1927,22,Estacion_A,Estacion_D,Autobus,0,Nieve
1928,18,Estacion_A,Estacion_B,Tren,8,Lluvia
1929,13,Estacion_C,Estacion_A,Metro,5,Lluvia
1930,16,Estacion_B,Estacion_C,Metro,6,Nublado
1931,13,Estacion_B,Estacion_A,Metro,9,Nublado
1932,6,Estacion_A,Estacion_A,Metro,-3,Nublado
1933,7,Estacion_A,Estacion_A,Tren,4,Soleado
1934,19,Estacion_C,Estacion_D,Metro,3,Nublado
1935,22,Estacion_B,Estacion_C,Autobus,7,Soleado
1936,6,Estacion_C,Estacion_A,Autobus,9,Nieve
1937,8,Estacion_B,Estacion_D,Tren,2,Lluvia
1938,17,Estacion_A,Estacion_D,Autobus,5,Nieve
1939,18,Estacion_B,Estacion_A,Autobus,3,Nublado
1940,8,Estacion_C,Estacion_B,Autobus,3,Nieve
1941,12,Estacion_C,Estacion_A,Autobus,6,Nieve
1942,14,Estacion_A,Estacion_A,Metro,9,Soleado
1943,22,Estacion_B,Estacion_B,Autobus,0,Lluvia
1944,18,Estacion_C,Estacion_B,Autobus,8,Nublado
1945,16,Estacion_A,Estacion_B,Metro,6,Soleado
1946,19,Estacion_B,Estacion_C,Tren,0,Lluvia
1947,5,Estacion_D,Estacion_D,Metro,1,Lluvia
1948,17,Estacion_B,Estacion_C,Tren,3,Soleado
1949,12,Estacion_D,Estacion_A,Tren,0,Soleado
1950,21,Estacion_A,Estacion_C,Tren,1,Nublado
1951,22,Estacion_B,Estacion_C,Autobus,1,Lluvia
1952,7,Estacion_C,Estacion_A,Tren,7,Soleado
1953,15,Estacion_D,Estacion_D,Metro,6,Nieve
1954,5,Estacion_B,Estacion_C,Autobus,5,Soleado
1955,21,Estacion_A,Estacion_D,Tren,4,Nublado
1956,9,Estacion_C,Estacion_A,Autobus,0,Lluvia
1957,7,Estacion_B,Estacion_C,Tren,5,Soleado
1958,20,Estacion_B,Estacion_B,Autobus,9,Lluvia
1959,16,Estacion_A,Estacion_C,Autobus,5,Nublado
1960,20,Estacion_B,Estacion_C,Tren,1,Soleado
1961,6,Estacion_C,Estacion_D,Metro,11,Lluvia
1962,16,Estacion_D,Estacion_A,Autobus,3,Nieve
1963,23,Estacion_D,Estacion_A,Tren,8,Lluvia
1964,8,Estacion_D,Estacion_C,Autobus,4,Soleado
1965,5,Estacion_C,Estacion_D,Metro,7,Lluvia
1966,20,Estacion_A,Estacion_B,Tren,8,Nublado
1967,15,Estacion_D,Estacion_D,Tren,2,Lluvia
1968,7,Estacion_B,Estacion_C,Metro,5,Lluvia
1969,15,Estacion_D,Estacion_D,Autobus,9,Soleado
1970,16,Estacion_B,Estacion_B,Tren,9,Soleado
1971,10,Estacion_B,Estacion_D,Metro,2,Soleado
1972,13,Estacion_D,Estacion_D,Tren,2,Soleado
1973,14,Estacion_B,Estacion_B,Autobus,3,Lluvia
1974,21,Estacion_B,Estacion_D,Autobus,4,Nublado
1975,13,Estacion_C,Estacion_C,Tren,8,Lluvia
1976,11,Estacion_D,Estacion_D,Autobus,1,Soleado
1977,17,Estacion_C,Estacion_C,Metro,11,Soleado
1978,20,Estacion_A,Estacion_A,Autobus,4,Soleado
1979,9,Estacion_A,Estacion_A,Autobus,3,Nieve
1980,5,Estacion_D,Estacion_B,Metro,10,Soleado
1981,14,Estacion_B,Estacion_B,Autobus,6,Soleado
1982,9,Estacion_B,Estacion_A,Autobus,6,Lluvia
1983,12,Estacion_B,Estacion_C,Metro,1,Nieve
1984,12,Estacion_A,Estacion_D,Tren,5,Nieve
1985,19,Estacion_B,Estacion_C,Autobus,0,Nieve
1986,18,Estacion_A,Estacion_D,Tren,7,Soleado
1987,8,Estacion_D,Estacion_B,Tren,4,Nieve
1988,20,Estacion_D,Estacion_D,Metro,1,Lluvia
1989,15,Estacion_B,Estacion_A,Autobus,4,Soleado
1990,21,Estacion_A,Estacion_D,Tren,2,Lluvia
1991,9,Estacion_A,Estacion_B,Autobus,1,Soleado
1992,5,Estacion_D,Estacion_C,Autobus,5,Nublado
1993,10,Estacion_B,Estacion_B,Autobus,7,Lluvia
1994,16,Estacion_B,Estacion_C,Autobus,3,Nieve
1995,21,Estacion_A,Estacion_B,Autobus,4,Nieve
1996,10,Estacion_A,Estacion_B,Autobus,4,Nublado
1997,18,Estacion_C,Estacion_C,Autobus,7,Nieve
1998,21,Estacion_B,Estacion_A,Autobus,3,Nieve
1999,6,Estacion_A,Estacion_C,Tren,0,Nieve
